Core Count,Run 0 Threaded Sections,Run 0 Total,,Average Threaded Section,Average Total
10,856.499000,6741.404000,
12,594.135000,7081.535000,
14,589.612000,6441.212000,
16,360.655000,6711.487000,
18,785.203000,8045.750000,
1,5653.551000,12740.871000,
20,277.133000,7575.128000,
2,2798.369000,9861.352000,
4,1388.776000,8689.512000,
6,880.760000,7543.892000,
8,663.838000,7184.702000,
