Core Count,Run 0 Threaded Sections,Run 0 Total,,Average Threaded Section,Average Total
10,1.933000,8.772000,
12,1.846000,9.149000,
14,1.867000,8.872000,
16,1.281000,8.306000,
18,3.595000,22.619000,
1,15.384000,33.728000,
20,1.806000,8.859000,
2,3.310000,9.615000,
4,3.124000,9.695000,
6,1.932000,8.673000,
8,1.632000,8.149000,
