Core Count,Run 0 Threaded Sections,Run 0 Total,,Average Threaded Section,Average Total
10,566.958000,7793.230000,
12,456.325000,7150.474000,
14,957.393000,8211.002000,
16,493.009000,7237.667000,
18,758.503000,7981.519000,
1,5218.430000,12065.948000,
20,298.081000,8896.516000,
2,2640.902000,9478.607000,
4,1461.888000,8550.631000,
6,987.996000,8223.124000,
8,661.198000,7379.868000,
