Core Count,Run 0 Threaded Sections,Run 0 Total,,Average Threaded Section,Average Total
10,690.094000,7318.925000,
12,451.691000,7490.739000,
14,956.424000,8504.217000,
16,500.899000,7242.851000,
18,810.769000,8367.478000,
1,5613.513000,13076.611000,
20,297.350000,8889.234000,
2,2579.760000,9210.561000,
4,1334.694000,8538.224000,
6,878.536000,7555.870000,
8,672.404000,6588.533000,
