Core Count,Run 0 Threaded Sections,Run 0 Total,,Average Threaded Section,Average Total
10,499.949000,6475.762000,
12,407.911000,6831.913000,
14,367.343000,7315.301000,
16,318.504000,7588.131000,
18,277.604000,7368.751000,
1,4926.586000,11598.681000,
20,243.621000,6819.725000,
2,2477.926000,8479.572000,
4,1399.945000,8744.067000,
6,833.970000,7447.146000,
8,623.446000,7275.852000,
