Core Count,Run 0 Threaded Sections,Run 0 Total,,Average Threaded Section,Average Total
10,493.158000,7151.668000,
12,528.703000,9129.432000,
14,351.211000,7127.391000,
16,306.525000,7356.505000,
18,277.926000,7045.341000,
1,5017.270000,12111.456000,
20,245.877000,7351.333000,
2,2495.798000,9301.593000,
4,1267.067000,8616.796000,
6,849.689000,8133.473000,
8,648.669000,7449.159000,
