Core Count,Run 0 Threaded Sections,Run 0 Total,,Average Threaded Section,Average Total
10,5033.427000,11921.810000,
12,4997.800000,11556.574000,
14,4861.047000,10718.903000,
16,4886.080000,11625.698000,
18,5721.305000,12837.559000,
1,4925.230000,11586.784000,
20,4858.510000,12105.637000,
2,4853.303000,10750.385000,
4,5301.082000,12373.446000,
6,4835.264000,11152.690000,
8,5101.118000,12001.387000,
