Core Count,Run 0 Threaded Sections,Run 0 Total,,Average Threaded Section,Average Total
10,562.563000,7093.269000,
12,462.505000,6904.139000,
14,392.095000,6755.587000,
16,335.366000,7048.239000,
18,300.299000,7270.770000,
1,5427.969000,12213.149000,
20,284.075000,8801.128000,
2,2775.034000,9580.383000,
4,1485.863000,8780.267000,
6,912.295000,7295.977000,
8,718.513000,7486.096000,
